{
    "accuracy": 0.6722560975609756,
    "f1_score": 0.43271767810026385,
    "recall": 0.3203125,
    "precision": 0.6666666666666666
}