ph,Hardness,Solids,Chloramines,Sulfate,Conductivity,Organic_carbon,Trihalomethanes,Turbidity
7.822491882508682,208.63671975933647,22308.82172880119,5.850327619082905,408.1232545376626,502.789395890753,16.135732332906514,60.39398170498996,3.835332168411456
6.037428193759539,227.03399369193497,12988.791228835704,8.47690539073455,392.38052852102254,306.3862826304384,7.122391112549337,41.19050735980774,3.59421736385624
8.445219158974174,228.5228602396304,28966.569326843928,6.179855164933626,333.073545745888,361.7053539670713,14.554220040506436,60.612230200646,4.400705861502303
6.745306715080959,218.4246370192336,21871.83870004249,7.165509192468924,333.073545745888,373.05010163921327,16.826619464762302,74.08607997264363,3.9023525898765015
6.506487766502467,202.28593794959164,17087.076901837234,6.201982767323312,326.66236831259846,481.77193425228,16.535185927180066,46.20574791071063,3.5487755887477364
